date,temp_10_13,apparent_temp_10_13,humidity_10_13,wind_10_13,precip_10_13
2023-01-01,8.225,4.725,74.25,14.025,0.0
2023-01-02,8.35,5.85,76.5,8.075,0.0
2023-01-03,5.85,4.35,99.0,3.2,4.1
2023-01-04,14.575,13.975,89.5,10.125,0.0
2023-01-05,9.35,7.9750000000000005,95.5,7.125,0.30000000000000004
2023-01-06,6.175,3.8,93.25,8.375,0.4
2023-01-07,4.375,0.5249999999999999,69.0,10.5,0.0
2023-01-08,-0.32499999999999996,-4.0,60.5,4.6,0.0
2023-01-09,3.175,-0.575,67.75,8.55,0.0
2023-01-10,3.9,-0.6499999999999999,56.25,12.625,0.0
2023-01-11,-0.9750000000000001,-4.775,60.25,5.075,0.0
2023-01-12,3.05,-0.525,92.75,12.175,0.8
2023-01-13,11.1,8.825,91.25,15.05,0.5
2023-01-14,-1.475,-7.2,58.25,17.825,0.0
2023-01-15,-1.0499999999999998,-6.925000000000001,57.0,18.8,0.0
2023-01-16,0.7749999999999999,-3.425,43.75,6.5,0.0
2023-01-17,1.5,-2.075,47.25,2.95,0.0
2023-01-18,7.199999999999999,3.05,77.75,17.775,0.0
2023-01-19,3.45,1.0,93.0,5.325,3.4000000000000004
2023-01-20,6.075,2.175,79.5,15.5,0.4
2023-01-21,2.525,-1.975,60.5,12.175,0.0
2023-01-22,2.375,-1.875,64.0,10.975,0.0
2023-01-23,0.625,-2.925,97.0,9.975,8.1
2023-01-24,2.925,-2.175,57.75,16.025,0.0
2023-01-25,0.275,-2.675,78.0,2.9,1.3
2023-01-26,5.375,-0.4,65.0,24.625,0.0
2023-01-27,2.9,-1.075,60.5,8.95,0.0
2023-01-28,6.15,1.2,51.25,16.15,0.0
2023-01-29,6.325,2.725,67.75,10.7,0.0
2023-01-30,6.675,4.525,75.0,3.05,0.0
2023-01-31,1.025,-3.1,65.0,9.424999999999999,0.0
2023-02-01,-1.8499999999999999,-5.875,49.0,4.425,0.0
2023-02-02,0.22499999999999998,-4.975,32.75,11.525,0.0
2023-02-03,-7.8,-15.3,34.5,25.0,0.0
2023-02-04,-12.9,-18.75,21.75,12.025,0.0
2023-02-05,2.45,-2.525,38.5,11.675,0.0
2023-02-06,6.2,2.025,62.5,13.775,0.0
2023-02-07,0.275,-3.5500000000000003,50.75,4.6,0.0
2023-02-08,6.325,2.075,68.25,15.375,0.0
2023-02-09,3.175,-0.3,62.75,6.05,0.30000000000000004
2023-02-10,11.025,6.275,62.75,23.025,0.0
2023-02-11,3.4,-1.65,48.75,14.625,0.0
2023-02-12,5.325,1.525,39.75,5.2,0.0
2023-02-13,5.45,1.725,49.25,7.45,0.0
2023-02-14,6.9750000000000005,2.975,47.5,9.55,0.0
2023-02-15,10.525,6.375,58.0,17.15,0.0
2023-02-16,13.6,11.45,57.25,6.425,0.0
2023-02-17,13.575,12.05,92.5,15.375,1.2
2023-02-18,-0.2250000000000001,-5.275,44.5,12.475000000000001,0.0
2023-02-19,5.475,1.45,51.5,9.3,0.0
2023-02-20,9.275,6.3,75.75,11.675,0.0
2023-02-21,4.225,1.2,73.0,6.0,0.0
2023-02-22,3.45,0.375,61.0,3.125,0.0
2023-02-23,1.7,-1.175,95.75,6.5,1.1
2023-02-24,2.2,-4.175,49.5,23.8,0.0
2023-02-25,-4.975,-9.475000000000001,58.75,7.6,1.0
2023-02-26,2.575,-2.6,64.0,17.55,0.0
2023-02-27,1.6,-1.625,53.5,2.9250000000000003,0.0
2023-02-28,-1.325,-4.35,88.5,3.5,2.7
2023-03-01,1.325,-1.7,67.25,2.75,0.0
2023-03-02,5.324999999999999,2.775,85.5,7.0249999999999995,0.0
2023-03-03,4.25,1.35,57.0,3.45,0.0
2023-03-04,1.75,-2.3,88.0,13.175,1.2
2023-03-05,6.125,2.275,63.25,11.95,0.0
2023-03-06,7.0249999999999995,2.3,48.25,15.325,0.0
2023-03-07,3.8,-1.45,45.0,17.55,0.0
2023-03-08,2.75,-2.525,53.0,17.3,0.0
2023-03-09,5.35,0.9500000000000001,56.0,13.775,0.0
2023-03-10,3.45,0.475,62.25,4.05,0.0
2023-03-11,2.175,-2.475,85.75,17.2,0.5
2023-03-12,4.425,1.55,56.25,4.425,0.0
2023-03-13,3.0,0.05000000000000002,96.5,8.875,0.8999999999999999
2023-03-14,1.05,-3.35,84.25,14.4,4.3
2023-03-15,1.2000000000000002,-4.025,62.0,19.375,0.0
2023-03-16,4.55,1.4249999999999998,55.5,7.0,0.0
2023-03-17,7.3,4.1,64.75,8.75,0.0
2023-03-18,6.525,2.65,50.75,10.975,0.0
2023-03-19,-0.225,-6.775,40.0,21.825,0.0
2023-03-20,5.15,1.275,41.75,10.975,0.0
2023-03-21,9.825,6.625,41.25,9.2,0.0
2023-03-22,11.15,9.15,49.5,2.4,0.0
2023-03-23,12.524999999999999,10.6,77.75,10.675,2.3
2023-03-24,7.0249999999999995,3.9499999999999997,59.5,7.7,0.0
2023-03-25,3.575,-0.04999999999999999,84.25,11.65,5.3
2023-03-26,10.75,6.5,44.75,18.3,0.0
2023-03-27,11.025,8.325,43.0,4.45,0.0
2023-03-28,5.6,1.775,69.25,12.025,0.1
2023-03-29,8.025,5.5249999999999995,39.5,4.45,0.0
2023-03-30,2.7,-2.4,35.5,15.5,0.0
2023-03-31,7.9,3.8,44.0,10.149999999999999,0.0
2023-04-01,15.225,14.275,93.5,15.875,1.7
2023-04-02,5.225,0.25,34.0,18.35,0.0
2023-04-03,9.075,5.15,42.0,15.075,0.0
2023-04-04,15.649999999999999,16.200000000000003,66.75,1.175,0.0
2023-04-05,11.975,9.25,66.25,11.625,0.0
2023-04-06,19.5,20.025,74.5,8.775,0.0
2023-04-07,11.125,6.675,38.25,17.525,0.0
2023-04-08,6.35,4.0,44.5,4.675,0.0
2023-04-09,8.95,6.550000000000001,38.75,5.875,0.0
2023-04-10,12.425,11.075,41.5,2.5,0.0
2023-04-11,18.1,15.549999999999999,36.5,12.325,0.0
2023-04-12,21.425,19.65,38.0,12.325,0.0
2023-04-13,24.875,24.725,42.0,10.125,0.0
2023-04-14,26.25,27.2,37.0,1.475,0.0
2023-04-15,23.05,23.5,61.25,10.45,0.2
2023-04-16,17.525,18.525,82.25,3.225,0.5
2023-04-17,13.45,12.7,92.5,9.65,1.5999999999999999
2023-04-18,8.925,3.675,50.5,20.5,0.0
2023-04-19,8.525,3.575,51.0,17.95,0.0
2023-04-20,10.925,9.075,53.5,3.2,0.0
2023-04-21,18.474999999999998,17.375,47.75,10.2,0.0
2023-04-22,17.8,15.799999999999999,64.25,17.95,0.0
2023-04-23,11.75,10.8,98.5,9.6,3.9
2023-04-24,11.275,8.375,48.25,7.05,0.0
2023-04-25,10.425,8.125,54.25,6.025,0.5
2023-04-26,13.125,11.125,47.5,6.6499999999999995,0.0
2023-04-27,11.575,10.5,72.25,2.075,0.5
2023-04-28,13.025,10.425,62.5,11.125,0.0
2023-04-29,8.525,6.225,99.0,12.9,2.5999999999999996
2023-04-30,12.25,10.875,93.25,11.75,2.7
2023-05-01,13.075,9.025,49.25,20.65,0.0
2023-05-02,10.45,7.25,57.75,11.975,0.2
2023-05-03,10.25,7.625,63.25,7.725,0.30000000000000004
2023-05-04,9.55,7.675,83.25,7.425,0.4
2023-05-05,13.95,13.125,56.75,6.050000000000001,0.0
2023-05-06,16.849999999999998,16.525,53.75,6.449999999999999,0.0
2023-05-07,19.15,19.225,45.75,5.2,0.0
2023-05-08,19.825,19.35,51.5,11.274999999999999,0.0
2023-05-09,15.575,13.825000000000001,42.5,8.675,0.0
2023-05-10,16.8,16.425,39.25,3.475,0.0
2023-05-11,21.45,21.55,43.0,7.125,0.0
2023-05-12,25.325,26.025,44.25,8.0,0.0
2023-05-13,23.025,22.75,47.25,9.825,0.0
2023-05-14,16.525,15.575,43.0,7.825,0.0
2023-05-15,18.525,17.05,33.25,9.35,0.0
2023-05-16,21.55,19.725,31.0,13.175,0.0
2023-05-17,12.95,9.6,37.0,16.725,0.0
2023-05-18,13.0,11.9,32.5,3.1,0.0
2023-05-19,17.9,15.075,54.5,16.75,0.0
2023-05-20,16.7,16.625,82.5,8.875,5.9
2023-05-21,17.275,14.9,57.0,14.5,0.0
2023-05-22,20.45,20.8,54.25,8.175,0.0
2023-05-23,20.1,20.925,52.0,5.15,0.0
2023-05-24,22.925,23.2,46.25,8.649999999999999,0.0
2023-05-25,14.4,11.6,45.5,16.875,0.0
2023-05-26,18.525,17.15,33.75,8.5,0.0
2023-05-27,21.15,21.225,38.0,4.925,0.0
2023-05-28,24.975,25.35,31.0,3.225,0.0
2023-05-29,25.3,24.0,28.0,11.799999999999999,0.0
2023-05-30,20.8,20.6,34.75,4.625,0.0
2023-05-31,23.8,24.225,33.75,3.725,0.0
2023-06-01,27.7,28.3,31.0,5.85,0.0
2023-06-02,30.375,30.35,33.25,13.275,0.0
2023-06-03,20.35,19.725,63.25,11.725,0.0
2023-06-04,17.4,13.55,40.5,16.925,0.0
2023-06-05,20.675,17.6,40.5,18.25,0.0
2023-06-06,18.875,18.45,64.25,11.825,4.0
2023-06-07,20.775,18.6,33.75,14.975,0.0
2023-06-08,16.25,14.7,56.0,6.325,0.1
2023-06-09,19.075,19.0,49.75,3.4,0.1
2023-06-10,20.85,19.875,43.0,7.275,0.1
2023-06-11,25.875,26.9,42.25,3.125,0.0
2023-06-12,23.25,23.075,66.25,18.45,0.2
2023-06-13,21.4,21.424999999999997,61.0,7.425,0.0
2023-06-14,22.375,21.65,53.75,11.524999999999999,1.7
2023-06-15,21.625,20.225,52.0,12.25,0.0
2023-06-16,23.95,24.7,49.0,1.625,0.0
2023-06-17,21.875,21.125,54.25,14.725,0.0
2023-06-18,22.825,21.6,48.5,11.025,0.0
2023-06-19,23.4,24.875,51.0,5.225,0.0
2023-06-20,23.125,24.4,56.25,4.5,0.2
2023-06-21,22.3,21.775,44.5,10.774999999999999,0.0
2023-06-22,19.325,17.6,52.25,10.524999999999999,0.0
2023-06-23,23.0,24.025,68.25,9.475,0.4
2023-06-24,20.95,24.275,97.75,5.8,5.9
2023-06-25,25.85,29.5,68.75,4.575,0.1
2023-06-26,23.4,25.2,80.0,14.1,0.7
2023-06-27,20.599999999999998,23.525,92.0,3.95,3.9000000000000004
2023-06-28,24.025,27.475,74.25,6.199999999999999,0.1
2023-06-29,23.45,25.5,65.0,3.8,0.5
2023-06-30,25.725,28.775,58.5,3.3,0.0
2023-07-01,26.075,28.174999999999997,60.0,10.4,0.1
2023-07-02,24.95,27.675,80.0,12.524999999999999,0.8
2023-07-03,26.475,30.55,73.5,5.3,0.2
2023-07-04,24.7,29.475,83.0,3.175,1.7
2023-07-05,27.85,33.6,68.25,2.025,0.0
2023-07-06,30.15,35.4,60.75,4.9,0.0
2023-07-07,28.775,33.375,63.75,5.45,0.30000000000000004
2023-07-08,26.525,31.099999999999998,72.5,3.475,0.30000000000000004
2023-07-09,23.700000000000003,27.1,86.0,8.025,5.8999999999999995
2023-07-10,23.65,26.05,77.25,8.75,0.4
2023-07-11,26.875,30.5,59.5,5.325,0.0
2023-07-12,28.55,31.875,53.25,5.975,0.0
2023-07-13,28.4,31.075000000000003,62.75,13.6,0.0
2023-07-14,24.075,26.425,80.75,12.7,0.30000000000000004
2023-07-15,26.85,31.85,77.25,5.775,0.0
2023-07-16,23.65,28.025,98.0,9.375,3.8
2023-07-17,27.35,31.450000000000003,63.5,5.125,0.0
2023-07-18,27.7,31.7,66.0,6.375,0.2
2023-07-19,25.549999999999997,28.975,61.75,2.175,0.1
2023-07-20,25.375,28.55,61.75,4.6,0.0
2023-07-21,24.225,27.225,80.0,9.65,0.6000000000000001
2023-07-22,24.025,25.925,59.75,7.824999999999999,0.0
2023-07-23,25.075,28.075,57.5,2.225,0.1
2023-07-24,26.55,29.275,61.0,7.4,0.0
2023-07-25,27.275,31.175,63.75,4.525,0.0
2023-07-26,26.25,30.375,68.0,5.275,0.0
2023-07-27,29.3,32.1,66.75,19.725,0.1
2023-07-28,27.55,31.925,70.5,4.6,0.1
2023-07-29,28.375,32.4,68.25,8.775,0.3
2023-07-30,21.075,20.1,55.25,11.825,0.0
2023-07-31,23.875,24.025,48.25,9.275,0.1
2023-08-01,22.4,22.15,47.25,8.875,0.0
2023-08-02,21.975,22.9,49.25,3.925,0.0
2023-08-03,24.575,24.85,52.75,11.9,0.6
2023-08-04,23.0,23.725,72.0,15.35,2.5
2023-08-05,24.425,26.475,64.5,9.325,0.0
2023-08-06,25.175,27.45,52.25,3.25,0.0
2023-08-07,24.375,27.225,83.75,13.75,0.30000000000000004
2023-08-08,24.55,26.075,71.75,14.675,0.1
2023-08-09,25.05,25.35,56.5,15.575,0.0
2023-08-10,24.425,27.299999999999997,73.5,4.45,0.1
2023-08-11,24.325,24.625,59.25,14.425,0.1
2023-08-12,25.05,26.5,60.75,9.775,0.2
2023-08-13,26.175,28.875,67.5,11.0,0.0
2023-08-14,24.05,26.175,70.0,6.824999999999999,0.0
2023-08-15,20.375,22.3,91.0,9.65,0.5
2023-08-16,24.9,28.775,73.75,4.1,0.0
2023-08-17,23.925,26.125,77.5,10.375,0.8
2023-08-18,23.450000000000003,25.0,69.0,12.2,0.0
2023-08-19,21.025,19.45,54.75,15.475000000000001,0.0
2023-08-20,23.975,25.45,58.5,8.45,0.0
2023-08-21,25.925,29.9,71.5,4.1,0.6
2023-08-22,21.1,20.25,58.0,15.875,0.0
2023-08-23,21.4,22.575,54.75,2.8249999999999997,0.0
2023-08-24,20.825,20.925,74.25,13.4,0.1
2023-08-25,23.275,25.75,84.75,11.375,0.7000000000000001
2023-08-26,24.925,28.85,76.0,4.25,0.1
2023-08-27,22.625,24.375,73.0,8.25,0.30000000000000004
2023-08-28,23.025,24.85,71.25,6.2,0.0
2023-08-29,23.075,25.825,74.25,4.85,0.0
2023-08-30,23.6,26.15,78.25,11.525,0.0
2023-08-31,19.95,18.9,56.25,15.075,0.0
2023-09-01,19.925,20.225,53.75,5.5,0.0
2023-09-02,22.7,23.375,55.75,8.725,0.0
2023-09-03,26.675,29.799999999999997,62.25,6.25,0.1
2023-09-04,27.45,31.025,63.5,4.175,0.2
2023-09-05,27.9,33.125,72.75,4.75,0.0
2023-09-06,28.775,32.724999999999994,60.25,5.425,0.0
2023-09-07,31.0,34.1,51.0,7.4,0.0
2023-09-08,26.475,30.95,78.75,5.175,0.4
2023-09-09,24.15,27.95,85.25,5.55,0.4
2023-09-10,23.1,26.05,84.75,7.725,1.0
2023-09-11,24.0,27.375,78.5,4.525,0.4
2023-09-12,22.45,25.25,78.0,4.4,0.1
2023-09-13,20.975,23.625,89.75,5.575,2.4
2023-09-14,20.175,20.75,65.0,8.55,0.0
2023-09-15,17.15,15.1,63.5,16.7,0.0
2023-09-16,19.35,17.9,57.75,11.875,0.0
2023-09-17,20.299999999999997,20.725,57.5,3.475,0.0
2023-09-18,17.5,19.675,99.5,3.325,6.0
2023-09-19,19.525,17.625,61.0,18.85,0.0
2023-09-20,18.975,18.675,57.0,6.775,0.0
2023-09-21,17.2,16.65,64.25,9.225,0.0
2023-09-22,19.15,18.85,64.75,9.6,0.0
2023-09-23,12.7,11.05,92.25,14.325,2.6
2023-09-24,13.85,12.95,97.5,13.575,1.5
2023-09-25,13.325,12.025,99.5,16.15,10.8
2023-09-26,16.2,13.85,70.0,17.575,0.1
2023-09-27,15.525000000000002,14.600000000000001,68.5,8.85,0.0
2023-09-28,14.825000000000001,13.850000000000001,73.5,7.225,0.0
2023-09-29,12.5,12.025,99.75,8.775,27.7
2023-09-30,14.700000000000001,13.850000000000001,90.0,12.6,0.8999999999999999
2023-10-01,19.775,20.375,74.5,9.75,0.0
2023-10-02,21.225,21.775,68.0,9.475,0.0
2023-10-03,21.8,23.975,70.0,2.125,0.0
2023-10-04,22.025,25.2,81.5,2.425,0.0
2023-10-05,21.9,23.575,72.5,6.425000000000001,0.0
2023-10-06,20.15,21.674999999999997,88.25,10.05,0.4
2023-10-07,18.375,20.0,95.75,7.875,7.1
2023-10-08,14.55,10.35,52.75,20.375,0.0
2023-10-09,12.725,9.625,55.25,12.75,0.0
2023-10-10,14.675,12.025,58.5,13.05,0.0
2023-10-11,16.45,14.625,55.0,9.15,0.0
2023-10-12,15.625,14.85,65.5,4.975,0.0
2023-10-13,12.95,10.675,58.25,8.5,0.0
2023-10-14,9.75,9.3,97.5,1.9,5.4
2023-10-15,12.825,9.7,63.25,15.475,0.0
2023-10-16,14.225000000000001,11.925,62.75,10.475,0.2
2023-10-17,13.55,11.825,71.0,8.275,0.2
2023-10-18,14.175,13.8,73.75,2.275,0.1
2023-10-19,15.3,13.6,61.0,8.55,0.0
2023-10-20,15.25,14.45,92.25,14.625,6.0
2023-10-21,13.45,12.775,92.5,9.325,1.8
2023-10-22,10.7,6.525,60.0,17.85,0.0
2023-10-23,11.825,8.950000000000001,62.5,11.1,0.0
2023-10-24,12.9,11.05,63.75,6.05,0.0
2023-10-25,18.075,16.75,57.5,8.525,0.0
2023-10-26,20.725,20.3,59.0,7.875,0.0
2023-10-27,18.325,17.575,67.5,10.049999999999999,0.0
2023-10-28,22.725,23.5,71.0,11.95,0.0
2023-10-29,9.125,6.975,96.5,12.1,3.4000000000000004
2023-10-30,10.5,10.05,99.75,4.15,3.5
2023-10-31,7.725,5.05,60.25,4.15,0.0
2023-11-01,5.15,2.375,79.5,6.375,0.6000000000000001
2023-11-02,6.125,2.4,54.0,8.55,0.0
2023-11-03,9.3,5.475,53.75,11.85,0.0
2023-11-04,11.4,9.025,58.25,5.875,0.0
2023-11-05,11.4,10.2,76.0,3.0999999999999996,0.0
2023-11-06,8.625,6.525,62.25,2.1,0.0
2023-11-07,15.2,13.525,77.25,13.875,0.0
2023-11-08,5.4750000000000005,1.35,48.25,9.725,0.0
2023-11-09,8.399999999999999,6.775,72.5,1.25,0.0
2023-11-10,9.175,5.8,61.0,10.95,0.0
2023-11-11,8.55,4.9,61.5,12.05,0.0
2023-11-12,3.325,-0.375,59.0,7.05,0.0
2023-11-13,4.075,0.7999999999999999,56.5,4.525,0.0
2023-11-14,8.4,4.175,66.75,17.05,0.0
2023-11-15,6.625,3.7,70.0,7.0,0.0
2023-11-16,11.25,8.775,60.0,6.825,0.0
2023-11-17,14.65,12.825,71.5,11.95,0.0
2023-11-18,8.6,5.025,70.75,14.0,0.0
2023-11-19,7.625,4.025,61.0,10.475,0.0
2023-11-20,2.6,-2.0,50.5,11.175,0.0
2023-11-21,1.75,-2.075,60.5,7.050000000000001,0.0
2023-11-22,6.75,3.85,89.25,11.725,0.0
2023-11-23,7.35,3.05,61.25,15.175,0.0
2023-11-24,6.75,2.6,54.5,11.975,0.0
2023-11-25,0.575,-2.6,59.25,1.575,0.0
2023-11-26,3.8,0.6,59.0,4.325,0.0
2023-11-27,7.5,3.825,77.75,15.325,0.1
2023-11-28,0.925,-4.925,48.25,18.625,0.0
2023-11-29,-0.575,-5.7,55.5,13.8,0.0
2023-11-30,4.075,-0.22499999999999998,53.75,10.7,0.0
2023-12-01,7.225,4.5,67.0,5.875,0.0
2023-12-02,9.4,7.4,89.75,9.55,0.0
2023-12-03,6.925,4.625,100.0,10.575,7.0
2023-12-04,8.5,5.175,73.75,13.025,0.0
2023-12-05,4.4,0.65,58.25,8.399999999999999,0.0
2023-12-06,1.475,-1.6,80.0,4.825,0.4
2023-12-07,0.5,-3.5,69.25,8.925,0.2
2023-12-08,5.0,2.3249999999999997,67.25,3.025,0.0
2023-12-09,7.175000000000001,5.375,84.5,3.625,0.0
2023-12-10,12.375,10.925,95.25,13.7,0.4
2023-12-11,4.15,0.25,84.5,14.200000000000001,1.0
2023-12-12,2.85,-1.8,58.0,13.1,0.0
2023-12-13,3.875,-0.525,55.75,11.35,0.0
2023-12-14,1.3,-3.025,52.75,8.725,0.0
2023-12-15,7.5,3.575,62.5,13.225,0.0
2023-12-16,6.65,4.025,70.0,5.475,0.0
2023-12-17,7.825,4.95,83.5,11.725,0.0
2023-12-18,13.175,11.75,94.25,14.8,4.1
2023-12-19,3.7750000000000004,-1.3,58.0,16.475,0.0
2023-12-20,1.125,-2.35,63.5,4.625,0.0
2023-12-21,0.65,-4.425,58.25,14.475000000000001,0.0
2023-12-22,-2.35,-6.55,51.0,5.775,0.0
2023-12-23,1.3499999999999999,-2.075,55.75,3.4,0.0
2023-12-24,3.8,1.65,86.0,2.075,0.0
2023-12-25,5.15,3.275,84.0,1.425,0.0
2023-12-26,5.225,3.5999999999999996,94.25,1.975,0.0
2023-12-27,5.475,3.775,99.5,3.875,2.0
2023-12-28,8.15,5.925,99.0,11.775,1.2
2023-12-29,9.325,7.075,86.5,10.15,0.0
2023-12-30,4.925,1.275,79.0,12.25,0.5
2023-12-31,3.35,-1.175,58.5,12.925,0.0
2024-01-01,3.425,0.65,77.0,4.05,0.0
2024-01-02,0.125,-3.0,67.0,2.25,0.0
2024-01-03,2.8,-0.825,67.0,7.725,0.0
2024-01-04,3.875,-0.27499999999999997,64.5,11.725,0.2
2024-01-05,-0.3,-5.225,49.25,11.725,0.0
2024-01-06,0.14999999999999997,-3.575,63.0,5.85,0.0
2024-01-07,-0.42500000000000004,-4.675,92.0,12.625,2.9
2024-01-08,0.9,-3.1,67.25,8.9,0.0
2024-01-09,0.22499999999999998,-3.175,86.25,7.0,0.3
2024-01-10,7.05,1.85,68.25,22.6,0.0
2024-01-11,4.9,0.775,60.25,11.675,0.0
2024-01-12,4.449999999999999,1.875,73.5,3.2249999999999996,0.0
2024-01-13,11.95,8.9,85.0,20.375,1.4
2024-01-14,1.675,-4.225,54.0,19.9,0.1
2024-01-15,-4.35,-9.475,38.0,10.1,0.0
2024-01-16,-4.3,-8.525,85.25,8.725,2.7
2024-01-17,-8.3,-14.1,55.25,14.825,0.0
2024-01-18,-4.925,-9.55,56.25,8.225,0.0
2024-01-19,-4.325,-8.5,80.0,7.75,1.7000000000000002
2024-01-20,-8.025,-13.8,53.75,14.7,0.0
2024-01-21,-7.05,-12.275,53.75,11.275,0.0
2024-01-22,-3.6,-7.65,60.75,4.925,0.0
2024-01-23,1.875,-1.375,72.5,5.2,1.2999999999999998
2024-01-24,2.05,-0.675,89.0,4.75,0.2
2024-01-25,6.075,3.625,98.75,9.75,0.1
2024-01-26,3.075,0.6499999999999999,97.75,5.199999999999999,1.0
2024-01-27,3.5,0.725,87.5,6.3,0.0
2024-01-28,1.025,-2.6500000000000004,99.75,11.725,6.8
2024-01-29,1.625,-3.1999999999999997,74.0,16.125,0.2
2024-01-30,0.07500000000000001,-3.175,68.5,3.025,0.0
2024-01-31,1.7000000000000002,-2.0,71.25,7.925,0.0
2024-02-01,4.075,0.125,69.25,11.325,0.0
2024-02-02,2.05,-1.5,94.75,10.95,1.6
2024-02-03,0.39999999999999997,-4.475,55.5,12.55,0.0
2024-02-04,0.3999999999999999,-3.3000000000000003,58.75,5.05,0.0
2024-02-05,0.775,-4.225,52.0,13.35,0.0
2024-02-06,-0.17500000000000004,-5.0249999999999995,52.75,11.65,0.0
2024-02-07,1.5500000000000003,-2.25,57.5,6.275,0.0
2024-02-08,4.65,1.7,53.0,1.675,0.0
2024-02-09,7.15,3.675,65.0,10.475000000000001,0.0
2024-02-10,9.625,6.975,78.5,11.825,0.0
2024-02-11,5.9,2.75,73.25,8.65,0.0
2024-02-12,3.175,0.6,69.5,1.525,0.0
2024-02-13,-0.575,-5.4,86.0,15.9,6.7
2024-02-14,-2.85,-9.0,45.25,19.075,0.0
2024-02-15,0.375,-3.85,30.25,4.7,0.0
2024-02-16,2.0,-5.475,36.25,28.3,0.0
2024-02-17,-0.22499999999999998,-4.275,68.5,8.100000000000001,0.6000000000000001
2024-02-18,-1.4,-7.725,42.5,20.625,0.0
2024-02-19,0.375,-5.175,29.75,14.05,0.0
2024-02-20,-0.7000000000000001,-4.6,29.0,2.95,0.0
2024-02-21,2.525,-1.5,43.75,7.025,0.0
2024-02-22,4.075,-0.050000000000000044,60.5,11.375,0.0
2024-02-23,3.7,1.375,94.5,4.55,1.0
2024-02-24,2.675,-2.375,47.25,14.425,0.0
2024-02-25,-0.875,-4.825,33.0,3.925,0.0
2024-02-26,6.375,2.85,62.0,9.8,0.0
2024-02-27,10.125,7.875,74.5,8.9,0.0
2024-02-28,12.9,11.05,93.75,16.825,1.4
2024-02-29,-0.6,-7.525,38.25,23.675,0.0
2024-03-01,2.75,-1.425,41.75,8.725,0.0
2024-03-02,4.575,2.55,97.75,4.6,2.3
2024-03-03,12.675,10.875,71.75,8.225,0.0
2024-03-04,12.275,10.75,73.0,5.95,0.0
2024-03-05,5.575,3.375,100.0,7.625,9.5
2024-03-06,10.15,9.05,88.0,4.55,0.0
2024-03-07,8.025,3.3,83.75,24.4,1.2
2024-03-08,7.475,4.475,54.25,7.425,0.0
2024-03-09,4.5,-0.24999999999999997,70.25,17.65,0.0
2024-03-10,7.725,3.25,64.75,18.575,0.0
2024-03-11,3.8,-3.975,47.0,34.075,0.0
2024-03-12,11.225,7.6,44.25,12.625,0.0
2024-03-13,14.275,12.525,51.5,5.6,0.0
2024-03-14,15.1,14.1,52.5,2.275,0.0
2024-03-15,17.925,16.05,62.0,13.875,0.0
2024-03-16,10.775,7.375,54.25,11.05,0.0
2024-03-17,11.9,7.175,48.25,21.45,0.0
2024-03-18,6.3,1.5750000000000002,43.25,14.75,0.0
2024-03-19,3.15,-2.65,43.5,19.425,0.0
2024-03-20,6.975,2.85,53.75,11.850000000000001,0.1
2024-03-21,0.7,-5.75,40.25,23.425,0.0
2024-03-22,0.65,-2.475,44.75,1.15,0.0
2024-03-23,3.175,-0.025000000000000022,100.0,10.975,20.1
2024-03-24,2.1,-2.3,46.5,13.674999999999999,0.0
2024-03-25,6.025,2.4,42.0,9.799999999999999,0.0
2024-03-26,8.4,5.25,54.25,6.675,0.0
2024-03-27,7.699999999999999,6.199999999999999,83.25,2.05,3.2
2024-03-28,7.875,5.55,89.25,9.3,0.5
2024-03-29,8.875,4.175,38.75,17.95,0.0
2024-03-30,8.0,4.1,46.75,15.325,0.0
2024-03-31,11.399999999999999,8.0,46.5,11.6,0.0
2024-04-01,8.7,6.85,69.0,1.85,0.6
2024-04-02,6.45,4.15,93.25,8.025,2.0
2024-04-03,3.5,-0.024999999999999967,99.0,13.575,5.6
2024-04-04,2.625,-2.05,85.5,17.9,0.5
2024-04-05,5.825,0.225,49.75,20.475,0.0
2024-04-06,6.925000000000001,1.725,56.5,19.825000000000003,0.2
2024-04-07,8.925,4.225,49.25,19.174999999999997,0.0
2024-04-08,13.375,11.950000000000001,40.25,2.825,0.0
2024-04-09,18.1,18.2,49.75,1.775,0.0
2024-04-10,15.6,13.9,63.0,9.2,1.3
2024-04-11,11.625,9.775,92.75,13.725000000000001,2.2
2024-04-12,16.55,15.875,93.0,17.25,6.6
2024-04-13,7.275,2.225,69.25,22.325,0.30000000000000004
2024-04-14,13.65,10.45,51.0,11.625,0.7
2024-04-15,19.75,18.7,51.75,11.575,0.0
2024-04-16,16.025,14.025,41.5,9.875,0.0
2024-04-17,14.9,12.649999999999999,48.75,9.375,0.0
2024-04-18,7.325,4.85,91.25,9.95,1.0
2024-04-19,12.05,9.0,54.0,9.925,0.0
2024-04-20,14.975,13.55,61.5,10.125,0.0
2024-04-21,8.475,4.2,44.75,11.7,0.0
2024-04-22,10.55,7.575,40.5,10.225,0.0
2024-04-23,15.325,13.4,40.5,9.65,0.0
2024-04-24,16.175,14.149999999999999,50.5,12.95,1.8
2024-04-25,8.299999999999999,5.625,38.0,9.275,0.0
2024-04-26,11.75,10.475,42.0,4.075,0.0
2024-04-27,13.775,10.375,38.0,12.525,0.0
2024-04-28,19.225,19.825,61.75,6.875,0.0
2024-04-29,22.175,23.625,70.25,9.174999999999999,0.0
2024-04-30,17.15,16.575,72.0,9.525,0.0
2024-05-01,20.475,20.75,57.25,5.925,0.0
2024-05-02,23.05,23.375,52.25,11.025,0.0
2024-05-03,17.525,16.4,52.75,7.575,0.0
2024-05-04,17.25,16.2,52.0,9.1,0.0
2024-05-05,9.35,7.25,95.0,11.95,2.6
2024-05-06,17.9,18.675,83.75,6.725,0.1
2024-05-07,20.0,20.15,44.5,6.225,0.0
2024-05-08,24.175,24.975,66.5,16.475,0.6000000000000001
2024-05-09,17.15,15.100000000000001,50.25,12.85,0.0
2024-05-10,10.75,8.225,76.0,11.75,0.2
2024-05-11,14.175,13.525,54.75,2.65,0.0
2024-05-12,9.875,7.875,81.25,8.8,0.9
2024-05-13,16.775,16.0,58.5,8.100000000000001,0.0
2024-05-14,21.975,22.0,57.5,13.3,0.0
2024-05-15,15.875,16.5,95.0,7.4,3.0
2024-05-16,16.8,15.275,87.25,21.175,2.5999999999999996
2024-05-17,19.875,20.075,62.75,7.85,0.0
2024-05-18,19.275,19.275,59.5,6.2,0.0
2024-05-19,19.875,19.1,64.0,11.525,0.0
2024-05-20,22.175,25.025,64.0,2.85,0.0
2024-05-21,26.425,28.95,55.5,7.4,0.0
2024-05-22,27.425,29.35,50.5,10.775,0.0
2024-05-23,21.4,25.075000000000003,91.5,4.075,4.7
2024-05-24,25.5,25.575,36.0,8.825,0.0
2024-05-25,23.775,25.45,46.0,2.7,0.0
2024-05-26,26.025,28.275,50.0,4.125,0.0
2024-05-27,22.075,22.3,82.5,21.4,0.9
2024-05-28,22.85,23.025,60.0,14.675,0.4
2024-05-29,21.3,21.875,50.0,5.9,0.1
2024-05-30,17.575,15.925,54.5,13.975,0.0
2024-05-31,20.15,19.125,40.0,9.2,0.0
2024-06-01,23.075,23.75,39.75,4.625,0.0
2024-06-02,25.2,25.1,35.5,6.325,0.0
2024-06-03,26.5,27.6,41.0,7.325,0.0
2024-06-04,27.65,28.9,40.75,3.6,0.1
2024-06-05,26.25,28.25,53.25,9.325,0.0
2024-06-06,24.1,27.475,76.75,3.2750000000000004,0.30000000000000004
2024-06-07,24.8,25.375,49.5,9.825,0.0
2024-06-08,21.45,19.375,48.75,20.4,0.2
2024-06-09,16.325,15.275,77.25,12.2,0.1
2024-06-10,20.0,18.1,50.5,11.725,0.0
2024-06-11,19.275,18.825,56.75,4.25,0.0
2024-06-12,21.1,20.775000000000002,53.5,6.275,0.1
2024-06-13,26.35,27.525,42.5,7.125,0.0
2024-06-14,25.575,27.725,64.5,6.5,1.5
2024-06-15,22.35,21.325,43.5,14.075,0.0
2024-06-16,22.275,23.2,39.5,2.375,0.0
2024-06-17,27.125,28.6,51.75,12.4,0.0
2024-06-18,31.4,35.45,51.5,7.4,0.0
2024-06-19,32.1,35.5,45.75,8.7,0.0
2024-06-20,32.8,35.775000000000006,42.75,7.425,0.0
2024-06-21,32.125,36.95,52.75,4.675000000000001,2.0
2024-06-22,32.325,36.0,48.0,6.5,0.0
2024-06-23,31.125,34.025,56.75,14.975,0.0
2024-06-24,24.175,21.175,44.75,24.1,0.0
2024-06-25,29.45,29.75,33.0,10.45,0.0
2024-06-26,30.975,32.625,43.5,13.1,0.0
2024-06-27,24.275,24.85,56.0,13.325,0.0
2024-06-28,21.1,20.525,36.25,7.775,0.0
2024-06-29,23.25,23.325,73.5,19.975,0.2
2024-06-30,29.9,33.125,62.25,12.3,0.0
2024-07-01,22.0,20.975,58.5,18.35,0.0
2024-07-02,24.125,25.675,47.5,5.325,0.0
2024-07-03,26.6,27.55,44.5,10.024999999999999,0.0
2024-07-04,26.375,29.0,64.75,6.95,0.0
2024-07-05,27.3,32.075,78.25,5.5,0.4
2024-07-06,29.325,34.475,70.5,9.024999999999999,0.0
2024-07-07,29.425,33.45,52.25,2.525,0.0
2024-07-08,30.1,34.275,50.5,2.75,0.0
2024-07-09,30.475,35.075,62.5,9.375,0.30000000000000004
2024-07-10,31.375,35.025,62.0,16.950000000000003,0.6
2024-07-11,28.7,29.375,50.25,17.8,0.0
2024-07-12,28.575,30.475,54.5,9.125,0.0
2024-07-13,27.25,31.275,67.75,5.675,0.2
2024-07-14,29.650000000000002,32.725,45.5,3.625,0.0
2024-07-15,31.1,35.825,60.0,6.875,0.2
2024-07-16,31.075000000000003,33.75,48.25,11.05,0.0
2024-07-17,30.175,33.425,54.0,9.575,0.0
2024-07-18,26.725,28.825,54.75,9.05,0.0
2024-07-19,24.625,25.875,47.0,6.35,0.0
2024-07-20,26.575,27.925,53.5,7.199999999999999,0.5
2024-07-21,27.95,30.175,46.5,5.05,0.0
2024-07-22,27.55,29.35,54.75,6.7,0.30000000000000004
2024-07-23,24.325,28.475,79.5,1.15,1.2
2024-07-24,24.4,27.8,81.25,7.525,1.6
2024-07-25,26.0,27.6,60.75,10.675,0.0
2024-07-26,24.5,24.975,48.5,11.125,0.0
2024-07-27,26.075,27.275,45.5,7.55,0.0
2024-07-28,27.475,29.525,47.75,6.45,0.0
2024-07-29,25.925,29.5,67.0,2.8000000000000003,0.0
2024-07-30,28.7,31.475,62.75,13.6,0.1
2024-07-31,26.575,29.950000000000003,76.0,12.225,1.9
2024-08-01,30.5,34.35,54.5,7.275,0.0
2024-08-02,28.225,32.2,69.25,6.175,0.0
2024-08-03,27.875,31.325000000000003,69.75,10.825000000000001,0.1
2024-08-04,26.275,29.825,74.75,8.7,0.2
2024-08-05,28.150000000000002,32.025000000000006,56.75,2.65,0.0
2024-08-06,26.7,30.7,72.0,5.625,0.4
2024-08-07,18.475,18.8,85.0,11.4,0.1
2024-08-08,20.975,21.85,77.5,10.95,0.1
2024-08-09,23.95,26.225,93.25,21.225,1.3
2024-08-10,25.675,28.0,62.25,10.575,0.0
2024-08-11,24.325,24.575,49.75,10.35,0.0
2024-08-12,22.9,23.05,55.75,11.175,0.2
2024-08-13,22.75,23.15,57.0,9.375,0.0
2024-08-14,25.025,26.900000000000002,58.5,6.3,0.1
2024-08-15,25.725,28.7,60.25,3.8249999999999997,0.0
2024-08-16,26.725,30.525000000000002,59.0,1.0750000000000002,0.0
2024-08-17,24.775,26.125,69.25,14.525,0.6000000000000001
2024-08-18,22.2,24.049999999999997,89.5,15.1,0.7000000000000001
2024-08-19,24.825,28.5,77.0,5.825,0.6
2024-08-20,18.725,17.65,55.5,12.925,0.0
2024-08-21,18.65,17.65,56.5,9.125,0.4
2024-08-22,20.375,19.7,59.0,12.4,0.0
2024-08-23,22.625,24.075,53.5,2.95,0.0
2024-08-24,23.8,26.25,59.75,2.775,0.0
2024-08-25,25.05,28.075,61.5,1.325,0.0
2024-08-26,24.1,27.075,69.25,5.725,0.0
2024-08-27,24.325,28.1,70.0,1.8250000000000002,0.0
2024-08-28,29.025,32.275,63.25,10.75,0.0
2024-08-29,22.525,23.625,65.0,5.2,0.0
2024-08-30,21.375,21.75,64.25,9.225,0.0
2024-08-31,23.05,24.475,73.0,9.85,0.5
2024-09-01,23.85,26.575,83.25,11.975,4.6
2024-09-02,22.4,22.15,52.0,11.425,0.0
2024-09-03,18.7,17.775,45.25,6.925,0.0
2024-09-04,20.525,21.775,59.0,2.525,0.0
2024-09-05,21.4,22.45,58.0,4.65,0.0
2024-09-06,21.425,23.175,64.75,3.2750000000000004,0.0
2024-09-07,20.725,20.925,78.75,15.4,0.5
2024-09-08,16.225,13.025,50.5,17.625,0.0
2024-09-09,19.45,18.45,53.5,10.575,0.0
2024-09-10,21.299999999999997,21.275,54.25,8.675,0.0
2024-09-11,19.725,20.175,53.0,2.55,0.0
2024-09-12,22.65,24.0,56.5,3.25,0.0
2024-09-13,23.825,25.725,56.0,1.975,0.0
2024-09-14,24.6,26.55,60.75,5.5,0.0
2024-09-15,24.225,26.075000000000003,61.75,4.8,0.1
2024-09-16,22.05,22.625,53.0,4.875,0.0
2024-09-17,22.3,23.125,52.25,2.9,0.0
2024-09-18,19.875,20.625,68.75,3.625,0.0
2024-09-19,23.6,24.4,62.25,10.675,0.0
2024-09-20,23.475,24.025,60.25,10.575,0.1
2024-09-21,22.0,22.05,56.25,7.449999999999999,0.0
2024-09-22,20.125,20.1,56.25,5.9,0.0
2024-09-23,17.95,16.825,58.0,6.8500000000000005,0.0
2024-09-24,16.625,15.25,64.25,9.1,0.0
2024-09-25,17.1,15.975,71.5,11.475,0.0
2024-09-26,19.65,21.0,92.5,12.275,1.7999999999999998
2024-09-27,19.224999999999998,20.725,82.75,4.5,0.0
2024-09-28,20.25,20.1,67.75,10.325,0.1
2024-09-29,17.175,17.15,79.5,7.824999999999999,0.0
2024-09-30,19.450000000000003,19.425,70.25,8.774999999999999,0.0
2024-10-01,19.75,19.4,62.0,9.15,0.0
2024-10-02,16.8,16.325,67.75,4.775,0.0
2024-10-03,18.95,18.875,68.25,6.525,0.0
2024-10-04,19.725,20.55,67.25,2.6,0.0
2024-10-05,19.375,18.225,58.5,12.15,0.0
2024-10-06,17.525,17.15,59.0,3.2,0.0
2024-10-07,19.625,19.025,64.75,10.85,0.2
2024-10-08,15.875,13.7,50.25,7.824999999999999,0.0
2024-10-09,14.875,12.75,56.25,9.475,0.1
2024-10-10,12.75,8.85,48.75,14.95,0.0
2024-10-11,15.325,13.1,52.5,9.6,0.0
2024-10-12,19.3,16.7,48.75,16.05,0.0
2024-10-13,12.2,10.2,66.75,6.925,0.0
2024-10-14,13.95,11.625,68.25,12.65,0.1
2024-10-15,10.1,6.45,54.25,11.975,0.5
2024-10-16,11.1,6.575,47.5,16.6,0.0
2024-10-17,9.65,6.6000000000000005,57.5,9.675,0.0
2024-10-18,13.175,10.175,46.75,9.3,0.0
2024-10-19,14.075,13.05,59.0,1.2,0.0
2024-10-20,14.75,13.45,51.75,1.4,0.0
2024-10-21,20.35,18.75,43.75,7.1,0.0
2024-10-22,21.45,21.9,54.25,0.8,0.0
2024-10-23,21.6,19.55,43.0,11.674999999999999,0.0
2024-10-24,16.25,13.075,51.0,15.15,0.0
2024-10-25,11.45,9.2,53.75,3.85,0.0
2024-10-26,14.975,10.725,42.0,16.799999999999997,0.0
2024-10-27,10.0,6.4,33.5,5.925,0.0
2024-10-28,10.475,7.625,48.5,4.95,0.0
2024-10-29,14.5,11.675,63.0,14.425,0.2
2024-10-30,18.325000000000003,17.275,63.5,9.275,0.0
2024-10-31,22.175,21.1,51.5,10.4,0.0
2024-11-01,22.825,20.225,49.0,21.0,0.0
2024-11-02,11.75,8.05,49.0,12.549999999999999,0.0
2024-11-03,7.25,3.725,50.25,7.1,0.0
2024-11-04,9.95,6.8,55.0,8.6,0.0
2024-11-05,17.35,15.85,66.25,12.25,0.0
2024-11-06,22.225,20.875,58.0,17.125,0.0
2024-11-07,18.875,16.525,56.5,16.25,0.0
2024-11-08,14.200000000000001,10.05,46.0,16.875,0.0
2024-11-09,7.775,3.725,36.5,7.7,0.0
2024-11-10,10.475,6.45,36.5,9.175,0.0
2024-11-11,16.125,13.875,70.0,16.4,0.0
2024-11-12,8.425,2.875,49.5,21.925,0.0
2024-11-13,4.3,-0.7249999999999999,45.25,14.075,0.0
2024-11-14,4.025,0.0,36.5,5.65,0.0
2024-11-15,6.75,3.15,39.75,4.475,0.0
2024-11-16,11.7,7.5,30.75,9.55,0.0
2024-11-17,9.55,6.75,45.75,2.4,0.0
2024-11-18,14.1,11.0,55.0,12.625,0.0
2024-11-19,9.65,6.35,49.5,8.1,0.0
2024-11-20,9.075,6.475,59.5,4.825,0.0
2024-11-21,6.175,3.3,95.75,12.025,2.5
2024-11-22,1.9500000000000002,-2.95,91.75,19.900000000000002,4.6
2024-11-23,4.175,0.225,79.75,13.75,0.0
2024-11-24,7.85,1.9500000000000002,50.75,23.85,0.0
2024-11-25,6.65,3.95,57.75,2.525,0.0
2024-11-26,8.025,6.75,95.0,4.15,4.8
2024-11-27,6.949999999999999,2.9,56.25,12.125,0.0
2024-11-28,3.15,-0.525,98.0,14.100000000000001,6.5
2024-11-29,4.75,0.65,63.25,11.775,0.1
2024-11-30,0.9750000000000001,-4.475,50.75,15.925,0.0
2024-12-01,-0.37499999999999994,-6.1499999999999995,47.0,16.85,0.0
2024-12-02,0.35000000000000003,-4.05,55.75,9.35,0.0
2024-12-03,1.9250000000000003,-2.3,61.0,9.875,0.1
2024-12-04,0.9,-3.8499999999999996,46.5,10.55,0.0
2024-12-05,2.15,-2.95,73.5,18.35,1.1
2024-12-06,-1.875,-8.325,48.5,21.0,0.0
2024-12-07,1.675,-3.7750000000000004,50.0,16.275,0.0
2024-12-08,6.25,0.975,46.5,17.575,0.0
2024-12-09,5.25,2.625,73.5,4.4,0.2
2024-12-10,6.125,3.775,88.25,6.975,0.0
2024-12-11,13.3,11.35,96.75,19.35,3.7
2024-12-12,2.325,-4.5,39.75,24.55,0.0
2024-12-13,-2.725,-8.3,42.25,14.225,0.0
2024-12-14,-3.275,-7.199999999999999,53.0,3.825,0.0
2024-12-15,-1.725,-5.425,57.0,3.25,0.0
2024-12-16,1.7000000000000002,-0.825,94.0,3.8,0.30000000000000004
2024-12-17,9.775,6.925,85.25,14.875,0.0
2024-12-18,5.9,3.0,66.75,5.475,0.0
2024-12-19,4.2,-0.19999999999999998,57.5,12.275,0.0
2024-12-20,0.15000000000000002,-3.925,71.25,9.325,0.2
2024-12-21,-3.95,-9.7,65.0,17.25,0.1
2024-12-22,-11.0,-16.225,54.25,10.175,0.0
2024-12-23,-11.2,-15.274999999999999,58.5,2.1,0.0
2024-12-24,-1.4000000000000001,-5.775,78.5,11.1,0.0
2024-12-25,-2.6,-6.875,76.75,9.55,0.0
2024-12-26,-7.6,-11.875,81.25,6.55,0.0
2024-12-27,-5.8500000000000005,-9.125,77.5,0.875,0.0
2024-12-28,3.1,0.625,95.25,5.075,1.5999999999999999
2024-12-29,4.825,2.825,99.75,4.775,2.3
2024-12-30,11.275,7.125,68.75,21.0,0.2
2024-12-31,5.75,2.875,68.5,5.449999999999999,0.1
2025-01-01,7.949999999999999,4.45,82.25,15.825,0.0
2025-01-02,3.325,-3.225,50.75,25.125,0.0
2025-01-03,0.5499999999999999,-5.4,50.0,19.1,0.0
2025-01-04,-1.675,-8.65,45.0,24.525,0.0
2025-01-05,-2.25,-9.025,43.5,22.7,0.0
2025-01-06,-3.5,-7.725,64.0,6.9,0.8
2025-01-07,-5.4,-12.15,62.0,23.05,0.0
2025-01-08,-4.925,-11.975,46.75,23.825,0.0
2025-01-09,-4.0,-10.775,50.25,22.65,0.0
2025-01-10,0.02499999999999991,-4.85,48.0,11.125,0.0
2025-01-11,-2.925,-7.0,79.75,8.325,0.1
2025-01-12,2.2,-2.4250000000000003,49.0,10.8,0.0
2025-01-13,1.7999999999999998,-2.6,54.25,9.975000000000001,0.0
2025-01-14,-2.975,-9.8,38.0,22.225,0.0
2025-01-15,-3.3,-9.65,47.25,19.925,0.0
2025-01-16,-3.625,-8.675,44.5,10.425,0.0
2025-01-17,0.35,-4.1499999999999995,57.25,10.125,0.0
2025-01-18,3.125,-1.4249999999999998,62.25,13.425,0.0
2025-01-19,0.65,-3.25,75.25,9.1,0.0
2025-01-20,-8.925,-14.35,64.25,12.85,0.0
2025-01-21,-13.0,-17.9,60.25,7.65,0.0
2025-01-22,-13.95,-18.275,55.5,3.175,0.0
2025-01-23,-9.1,-13.775,50.5,6.825,0.0
2025-01-24,-5.4,-10.25,62.25,10.1,0.0
2025-01-25,-7.25,-12.025,64.0,8.975,0.0
2025-01-26,1.225,-4.45,60.5,19.225,0.0
2025-01-27,-2.075,-7.4,58.0,14.55,0.0
2025-01-28,0.07500000000000001,-6.2,59.75,22.9,0.1
2025-01-29,4.6,-1.2,56.25,21.9,0.0
2025-01-30,-3.7,-9.125,47.25,13.25,0.0
2025-01-31,1.825,-0.95,96.0,6.125,2.2
2025-02-01,-2.45,-8.125,66.25,18.0,0.0
2025-02-02,-8.325,-12.75,47.5,4.9,0.0
2025-02-03,1.2,-2.35,80.5,7.825,0.0
2025-02-04,3.65,-1.7999999999999998,55.25,18.65,0.0
2025-02-05,-2.375,-7.725,38.75,12.35,0.0
2025-02-06,-0.95,-5.125,89.25,11.6,1.2
2025-02-07,0.9,-5.9,41.0,23.9,0.0
2025-02-08,-1.95,-6.3,44.0,6.15,0.0
2025-02-09,-0.85,-4.625,81.25,7.700000000000001,0.0
2025-02-10,-2.675,-7.449999999999999,59.25,11.325000000000001,0.0
2025-02-11,-4.575,-8.975,70.25,8.4,0.0
2025-02-12,-4.125,-8.625,75.75,9.825,0.0
2025-02-13,2.05,-0.35000000000000003,92.5,2.825,0.9
2025-02-14,-2.375,-8.3,59.0,18.65,0.0
2025-02-15,-2.825,-7.35,58.75,8.825,0.0
2025-02-16,1.15,-2.275,90.25,8.65,3.9000000000000004
2025-02-17,-4.375,-10.875,62.5,22.15,0.0
2025-02-18,-8.775,-15.575,55.25,22.675,0.0
2025-02-19,-6.25,-11.975,61.0,15.95,0.0
2025-02-20,-7.75,-11.975,67.5,6.45,0.0
2025-02-21,-4.825,-10.6,62.75,17.625,0.0
2025-02-22,-2.4,-6.05,61.5,5.0,0.0
2025-02-23,1.475,-2.975,56.0,11.075,0.0
2025-02-24,3.6,-0.525,57.75,10.675,0.0
2025-02-25,6.3,3.45,62.75,5.025,0.0
2025-02-26,7.7,3.025,57.75,18.3,0.0
2025-02-27,4.125,1.9249999999999998,99.25,5.300000000000001,1.4
2025-02-28,4.775,-0.5249999999999999,43.0,17.849999999999998,0.0
2025-03-01,12.15,8.0,44.75,14.95,0.0
2025-03-02,-5.675,-12.225,35.5,21.4,0.0
2025-03-03,-1.4749999999999999,-6.2,41.0,10.675,0.0
2025-03-04,6.225,1.6749999999999998,47.5,13.15,0.0
2025-03-05,11.5,7.6,77.5,22.625,0.2
2025-03-06,10.85,7.15,61.5,16.075,0.0
2025-03-07,3.3,-4.275,41.5,30.525000000000002,0.0
2025-03-08,3.0,-3.375,41.25,23.725,0.0
2025-03-09,4.375,-1.0499999999999998,40.75,16.075,0.0
2025-03-10,12.45,8.9,40.5,11.65,0.0
2025-03-11,13.95,10.325,41.0,13.375,0.0
2025-03-12,6.25,1.2,35.75,16.375,0.0
2025-03-13,5.475,2.1,56.75,7.7,0.0
2025-03-14,9.2,7.1,52.5,3.1,0.0
2025-03-15,7.225,3.8,82.0,14.225,0.0
2025-03-16,13.6,11.375,92.75,20.525,0.0
2025-03-17,10.475,8.275,84.75,11.9,0.8
2025-03-18,6.8,2.4749999999999996,39.5,13.675,0.0
2025-03-19,13.9,11.325,40.5,7.7250000000000005,0.0
2025-03-20,9.8,6.3999999999999995,80.5,17.15,0.0
2025-03-21,4.575,-1.625,42.0,25.4,0.0
2025-03-22,12.225,7.575,34.75,14.825,0.0
2025-03-23,2.575,-1.375,35.5,9.9,0.0
2025-03-24,4.075,1.4249999999999998,93.75,7.225,5.6
2025-03-25,10.125,3.975,32.75,25.175,0.0
2025-03-26,7.525,3.7,39.0,8.975,0.1
2025-03-27,5.475,0.8749999999999999,35.0,14.6,0.0
2025-03-28,11.8,7.75,37.25,13.15,0.0
2025-03-29,22.1,19.3,44.75,19.425,0.0
2025-03-30,9.025,6.0,74.5,11.8,0.0
2025-03-31,19.6,18.275,71.25,18.45,0.6
2025-04-01,7.1,3.0,46.25,15.6,0.0
2025-04-02,6.025,2.475,35.75,8.175,0.0
2025-04-03,14.175,12.425,89.0,17.375,1.2
2025-04-04,16.825000000000003,13.65,40.75,13.65,0.0
2025-04-05,8.45,4.425,67.75,16.625,2.1
2025-04-06,9.75,7.574999999999999,78.5,8.125,0.6
2025-04-07,3.675,0.44999999999999996,84.25,9.149999999999999,0.7
2025-04-08,2.95,-3.025,43.25,24.85,0.0
2025-04-09,3.5,-0.40000000000000013,37.5,12.0,0.0
2025-04-10,8.775,5.175,49.5,11.8,0.0
2025-04-11,6.55,3.025,68.5,10.775,0.0
2025-04-12,1.625,-2.975,92.5,17.475,1.8
2025-04-13,10.0,5.425,57.0,18.875,0.0
2025-04-14,14.15,11.6,43.5,6.625,0.0
2025-04-15,17.075,14.2,50.25,13.675,0.0
2025-04-16,6.675,0.09999999999999998,47.75,27.0,0.0
2025-04-17,10.625,7.175,37.5,13.875,0.0
2025-04-18,16.25,12.95,34.0,15.475000000000001,0.0
2025-04-19,22.175,20.4,53.0,16.450000000000003,0.0
2025-04-20,13.3,9.1,40.5,21.15,0.0
2025-04-21,12.4,7.925,34.25,13.125,0.0
2025-04-22,21.25,20.375,48.25,12.65,0.0
2025-04-23,17.9,16.45,32.25,5.3,0.0
2025-04-24,22.049999999999997,20.725,31.5,7.625,0.0
2025-04-25,23.3,21.85,37.5,12.15,0.0
2025-04-26,19.175,18.6,88.0,21.1,3.4
2025-04-27,10.6,4.625,54.0,28.675,0.0
2025-04-28,17.775,17.475,40.0,3.35,0.0
2025-04-29,21.275,19.674999999999997,44.5,16.425,0.0
2025-04-30,16.95,14.675,43.5,15.1,0.0
2025-05-01,18.25,16.725,37.5,7.699999999999999,0.0
2025-05-02,22.4,23.1,64.25,12.175,0.1
2025-05-03,24.65,25.85,60.75,11.175,0.1
2025-05-04,19.575,21.525,83.75,3.375,0.5
2025-05-05,17.9,17.825,86.25,13.65,1.1
2025-05-06,16.875,16.125,91.25,18.0,0.4
2025-05-07,18.9,18.2,58.75,12.925,0.0
2025-05-08,20.475,22.075,67.75,3.1999999999999997,0.8
2025-05-09,9.1,6.575,98.75,15.25,14.600000000000001
2025-05-10,15.05,11.925,62.0,20.325000000000003,0.0
2025-05-11,18.65,18.7,58.75,10.05,0.0
2025-05-12,17.825,17.125,47.0,9.1,0.0
2025-05-13,20.2,20.825,74.75,8.925,0.0
2025-05-14,17.049999999999997,16.375,83.75,14.05,2.2
2025-05-15,20.25,22.349999999999998,84.25,4.075,0.30000000000000004
2025-05-16,22.475,23.5,72.75,11.825,0.2
2025-05-17,23.025,24.575,76.5,16.575,0.0
2025-05-18,18.4,15.174999999999999,59.5,24.9,0.1
2025-05-19,15.15,13.075,58.5,16.95,0.0
2025-05-20,13.4,10.475,56.75,15.15,0.0
2025-05-21,11.65,8.75,72.5,14.425,0.30000000000000004
2025-05-22,9.125,6.2,86.75,14.775,1.1
2025-05-23,10.325,8.399999999999999,84.25,9.1,0.2
2025-05-24,13.4,10.225,63.25,15.75,0.0
2025-05-25,15.35,12.1,57.25,16.975,0.0
2025-05-26,17.5,17.325,56.75,7.975,0.0
2025-05-27,19.8,20.975,58.25,3.025,0.0
2025-05-28,18.975,18.225,57.75,6.7,0.0
2025-05-29,17.175,17.825,80.75,4.05,0.30000000000000004
2025-05-30,21.675,22.925,68.75,9.75,0.2
2025-05-31,13.7,11.3,93.0,22.05,8.2
2025-06-01,14.05,10.075,53.5,20.675,0.0
2025-06-02,17.35,17.2,58.0,8.625,0.0
2025-06-03,20.675,21.825,49.75,3.875,0.0
2025-06-04,24.4,26.925,61.75,9.15,0.0
2025-06-05,28.0,32.95,65.25,5.7,0.0
2025-06-06,25.575,30.225,75.75,4.1,0.1
2025-06-07,21.2,24.15,92.25,6.225,1.8
2025-06-08,22.225,24.25,69.75,8.274999999999999,0.2
2025-06-09,17.175,17.425,88.25,10.35,1.7000000000000002
2025-06-10,19.125,21.075,89.75,4.875,0.0
2025-06-11,23.1,23.8,59.0,13.0,0.0
2025-06-12,25.8,27.35,58.25,14.825,0.0
2025-06-13,20.375,21.025,59.0,7.05,0.0
2025-06-14,16.125,15.8,86.25,10.425,1.7
2025-06-15,17.3,17.35,75.25,6.1,0.0
2025-06-16,18.975,19.475,74.5,6.575,0.1
2025-06-17,18.35,19.45,91.75,9.225,1.8
2025-06-18,23.35,26.475,86.0,8.35,0.1
2025-06-19,28.2,32.625,72.25,13.525,0.0
2025-06-20,23.525,22.575,56.0,21.9,0.1
2025-06-21,26.025,30.05,63.0,4.225,0.0
2025-06-22,25.35,27.675,79.5,16.525,0.4
2025-06-23,32.05,39.175,65.25,4.525,0.0
2025-06-24,32.65,38.375,56.5,7.95,0.0
2025-06-25,31.975,36.925,55.5,8.35,0.0
2025-06-26,22.7,22.875,61.5,10.775,0.0
2025-06-27,19.325000000000003,18.725,66.75,10.525,0.1
2025-06-28,22.45,23.675,79.0,13.425,0.0
2025-06-29,25.825,28.4,60.5,10.075,0.0
2025-06-30,26.775,30.325,63.5,2.65,0.0
2025-07-01,28.75,32.35,68.5,15.75,0.2
2025-07-02,25.925,29.075,69.0,4.6,0.0
2025-07-03,27.925,29.375,49.0,12.825000000000001,0.0
2025-07-04,23.1,24.0,52.5,9.925,0.0
2025-07-05,23.85,26.175,58.75,4.575,0.0
2025-07-06,28.55,30.950000000000003,56.75,14.35,0.0
2025-07-07,28.575,32.25,65.25,9.725,0.2
2025-07-08,29.325,34.15,68.0,7.800000000000001,0.7
2025-07-09,26.75,30.875,68.5,4.325,0.2
2025-07-10,26.125,29.424999999999997,66.75,5.875,0.1
2025-07-11,28.6,32.6,60.0,5.825,0.0
2025-07-12,28.15,31.799999999999997,64.5,6.875,0.0
2025-07-13,26.725,29.375,64.5,9.625,0.0
2025-07-14,27.9,31.9,72.5,10.625,0.5
2025-07-15,27.25,32.725,72.5,3.5500000000000003,0.1
2025-07-16,29.8,34.725,62.75,6.225,0.2
2025-07-17,26.575,30.1,81.5,16.825,3.4
2025-07-18,23.625,23.525,52.75,13.325,0.0
2025-07-19,26.2,28.175,48.5,5.525,0.0
2025-07-20,28.425,32.2,64.25,7.15,0.0
2025-07-21,25.775,26.45,49.5,10.375,0.0
2025-07-22,22.95,23.45,43.5,6.25,0.0
2025-07-23,25.425,27.05,53.0,7.85,0.0
2025-07-24,26.925,28.025,61.0,16.175,0.0
2025-07-25,31.300000000000004,35.35,59.5,12.600000000000001,0.0
2025-07-26,26.8,28.4,45.25,5.375,0.0
2025-07-27,23.8,25.95,83.5,14.45,0.3
2025-07-28,28.775,33.85,65.25,5.125,0.0
2025-07-29,31.775000000000002,36.9,55.5,5.15,0.0
2025-07-30,30.950000000000003,35.974999999999994,56.5,3.725,0.0
2025-07-31,22.025,21.9,72.25,18.5,1.0
2025-08-01,18.75,18.5,81.0,14.525,0.6
2025-08-02,21.025,21.725,60.0,9.95,0.0
2025-08-03,22.625,25.1,61.5,3.3000000000000003,0.0
2025-08-04,24.6,27.95,63.5,3.3,0.0
2025-08-05,24.4,27.875,73.75,5.275,0.0
2025-08-06,24.325,26.625,68.5,6.0,0.1
2025-08-07,24.375,27.05,63.25,5.3,0.0
2025-08-08,23.625,25.375,50.5,2.575,0.0
2025-08-09,24.325,26.7,53.75,1.725,0.0
2025-08-10,26.775,29.525,51.0,2.9,0.0
2025-08-11,27.375,29.725,51.25,6.5,0.0
2025-08-12,27.7,31.5,56.25,2.675,0.0
2025-08-13,29.175,32.925,65.75,12.35,0.9
2025-08-14,26.525,30.925,74.75,6.875,0.0
2025-08-15,26.625,29.475,57.25,6.275,0.0
2025-08-16,27.55,30.55,61.75,6.925,0.1
2025-08-17,28.2,31.075,63.5,11.6,0.0
2025-08-18,18.65,16.85,54.25,14.100000000000001,0.0
2025-08-19,21.45,21.4,51.0,7.725,0.0
2025-08-20,18.0,17.35,75.25,12.25,0.0
2025-08-21,16.95,15.175,78.5,18.9,0.0
2025-08-22,22.049999999999997,23.525,58.75,4.725,0.0
2025-08-23,24.95,25.15,49.75,12.3,0.0
2025-08-24,24.7,24.85,60.5,15.525,0.0
2025-08-25,24.8,26.025,57.25,8.875,0.0
2025-08-26,22.075,21.05,44.75,11.825,0.0
2025-08-27,19.8,18.2,52.0,12.525,0.4
2025-08-28,21.15,20.2,46.5,9.75,0.0
2025-08-29,21.25,21.45,56.25,7.575,0.0
2025-08-30,19.6,18.9,48.75,8.725000000000001,0.0
2025-08-31,20.325,19.875,51.5,9.15,0.0
2025-09-01,21.3,21.225,57.0,9.25,0.0
2025-09-02,20.85,21.875,59.25,4.7,0.0
2025-09-03,22.025,22.575,52.0,4.3,0.0
2025-09-04,23.875,23.625,55.5,15.6,0.0
2025-09-05,24.05,25.025,63.75,12.600000000000001,0.0
2025-09-06,26.225,28.3,70.5,13.575,2.5
2025-09-07,17.5,18.825,86.0,2.45,0.1
2025-09-08,17.375,17.375,61.5,5.575,0.0
2025-09-09,18.225,18.25,63.75,7.75,0.0
2025-09-10,18.025,17.0,66.75,10.925,0.0
2025-09-11,20.15,20.925,62.25,5.375,0.0
2025-09-12,20.275,21.0,63.0,4.775,0.0
2025-09-13,22.925,23.875,58.75,7.225,0.0
2025-09-14,22.975,24.55,62.25,5.0,0.0
2025-09-15,22.3,23.8,62.5,5.25,0.0
2025-09-16,21.2,21.675,65.75,7.9,0.0
2025-09-17,20.025,19.425,59.0,9.725,0.0
2025-09-18,22.675,24.55,62.5,3.05,0.0
2025-09-19,24.55,25.25,56.25,9.175,0.0
2025-09-20,18.025,16.475,46.5,8.8,0.0
2025-09-21,17.950000000000003,17.575,63.0,5.35,0.0
2025-09-22,18.75,17.9,58.0,6.449999999999999,0.0
2025-09-23,23.875,23.875,64.25,15.725,0.0
2025-09-24,21.8,24.7,85.25,3.7,0.2
2025-09-25,20.95,23.45,97.0,10.95,6.4
2025-09-26,23.075,24.175,68.5,9.475,0.0
2025-09-27,20.450000000000003,22.075,72.0,2.95,0.0
2025-09-28,24.175,26.025,64.75,7.05,0.0
2025-09-29,20.55,20.85,62.5,4.95,0.0
2025-09-30,20.75,20.0,56.75,9.625,0.0
2025-10-01,15.275,11.950000000000001,47.75,16.325,0.0
2025-10-02,14.674999999999999,13.100000000000001,48.5,4.3,0.0
2025-10-03,17.775,16.125,52.25,9.9,0.0
2025-10-04,20.45,20.8,55.25,2.075,0.0
2025-10-05,23.65,24.6,51.5,1.925,0.0
2025-10-06,23.375,22.5,44.25,9.025,0.0
2025-10-07,23.825,23.65,57.25,13.2,0.0
2025-10-08,16.85,15.075,71.5,15.8,0.2
2025-10-09,10.725,6.175,42.0,17.1,0.0
2025-10-10,11.525,9.675,55.75,4.0,0.0
2025-10-11,15.3,14.575,69.5,4.375,0.0
2025-10-12,14.0,11.075,73.75,19.075,0.0
2025-10-13,10.6,7.325,96.25,22.725,9.9
2025-10-14,12.95,10.525,76.0,14.5,0.0
2025-10-15,15.024999999999999,14.375,78.25,7.025,0.1
2025-10-16,10.5,6.125,45.25,16.325,0.0
2025-10-17,11.575,8.7,47.75,7.375,0.0
2025-10-18,12.9,11.425,58.25,1.925,0.0
2025-10-19,18.3,16.9,68.25,15.274999999999999,0.0
2025-10-20,15.325,12.525,70.5,19.2,2.4
2025-10-21,14.65,11.5,51.5,13.875,0.0
2025-10-22,14.85,10.725,54.0,21.125,0.0
2025-10-23,12.525,8.4,53.75,17.9,0.0
2025-10-24,11.45,8.725,59.5,8.325,0.0
2025-10-25,11.125,8.75,60.75,6.225,0.0
2025-10-26,10.475,8.0,61.5,6.175,0.0
2025-10-27,7.775,4.625,65.75,9.299999999999999,0.0
2025-10-28,8.925,5.275,64.75,13.2,0.0
2025-10-29,8.9,5.65,67.0,11.425,0.0
2025-10-30,10.55,7.325,95.25,21.85,5.3
2025-10-31,11.125,5.3,60.5,29.5,0.0
2025-11-01,10.175,5.075,52.5,21.525,0.0
2025-11-02,8.6,6.375,66.0,3.675,0.0
2025-11-03,12.7,9.975000000000001,60.0,10.475,0.0
2025-11-04,11.375,5.6,45.0,24.35,0.0
2025-11-05,11.225,7.550000000000001,46.75,10.725,0.0
2025-11-06,8.875,3.4,50.5,21.9,0.0
2025-11-07,7.375,3.525,54.0,10.3,0.0
2025-11-08,14.55,12.05,63.5,12.6,0.0
2025-11-09,12.575,10.9,72.75,7.65,0.0
2025-11-10,8.174999999999999,6.325,96.25,8.55,5.5
2025-11-11,1.575,-5.425,44.5,26.1,0.0
2025-11-12,4.55,-0.15000000000000002,51.5,13.35,0.0
2025-11-13,8.15,2.65,51.0,21.65,0.1
2025-11-14,6.675,2.075,59.5,16.125,0.0
2025-11-15,3.725,1.0499999999999998,68.5,2.05,0.0
2025-11-16,8.8,2.975,60.25,26.775,0.9
2025-11-17,3.075,-3.55,51.75,25.825,0.0
2025-11-18,5.275,0.024999999999999967,50.5,17.725,0.0
2025-11-19,4.175,0.675,59.5,6.175,0.0
2025-11-20,2.9,-0.2250000000000001,63.75,3.625,0.0
2025-11-21,7.75,4.475,72.5,11.5,0.0
2025-11-22,6.425,4.125,93.5,8.1,0.3
2025-11-23,4.325,0.5,54.0,7.625,0.0
2025-11-24,7.45,3.65,58.0,11.325,0.0
2025-11-25,8.35,5.075,61.75,9.350000000000001,0.0
2025-11-26,14.2,12.85,79.25,10.8,0.0
2025-11-27,5.35,-0.44999999999999996,41.0,19.424999999999997,0.0
2025-11-28,3.375,-3.575,45.25,26.7,0.0
2025-11-29,1.775,-3.75,55.0,17.75,0.0
2025-11-30,3.05,-1.625,68.75,15.525000000000002,0.5
2025-12-01,2.875,-2.4,49.0,15.45,0.0
2025-12-02,-0.35,-3.5,89.25,5.3,5.9
2025-12-03,-2.25,-5.55,73.75,2.525,0.0
2025-12-04,0.9249999999999999,-3.45,74.5,12.45,0.0
2025-12-05,-8.799999999999999,-12.75,53.5,1.725,0.0
2025-12-06,-0.050000000000000044,-3.65,82.0,7.425,0.0
2025-12-07,0.75,-2.825,68.0,5.65,0.0
2025-12-08,-6.45,-12.45,46.75,15.9,0.0
2025-12-09,-7.75,-11.75,57.25,2.9250000000000003,0.0
2025-12-10,0.575,-3.4,76.25,9.775,0.0
2025-12-11,-2.0,-8.5,48.0,21.65,0.0
2025-12-12,-3.7249999999999996,-9.525,57.75,17.175,0.0
2025-12-13,-1.25,-5.875,55.75,9.95,0.0
2025-12-14,-3.2750000000000004,-7.75,78.25,10.725,1.0
2025-12-15,-5.9,-11.275,61.5,13.425,0.0
2025-12-16,-4.175,-8.375,64.5,6.45,0.0
2025-12-17,2.05,-2.325,61.25,11.2,0.0
2025-12-18,2.3499999999999996,-0.575,73.5,3.625,0.0
2025-12-19,11.425,8.45,95.25,21.9,14.4
2025-12-20,0.775,-4.025,52.0,11.6,0.0
2025-12-21,4.9,-0.9249999999999999,44.5,19.85,0.0
2025-12-22,0.5249999999999999,-3.7750000000000004,53.25,8.225,0.0
2025-12-23,0.8,-3.1,88.5,11.375,2.4
2025-12-24,4.275,-1.425,58.75,21.575,0.0
2025-12-25,4.25,-0.275,57.75,13.125,0.0
2025-12-26,-7.175,-12.225,48.5,9.925,0.0
2025-12-27,-6.375,-10.975,86.25,9.899999999999999,0.1
2025-12-28,-8.775,-12.425,81.75,2.0250000000000004,0.0
2025-12-29,3.675,0.9,93.75,7.625,3.6999999999999997
2025-12-30,-3.95,-10.95,57.75,25.3,0.0
2025-12-31,-3.525,-9.0,60.25,15.075,0.0
2026-01-01,-7.575,-14.05,61.0,20.25,0.0
2026-01-02,-5.925,-11.275,67.25,14.075,0.0
2026-01-03,-5.75,-10.975,62.75,12.4,0.0
2026-01-04,-3.55,-7.225,74.25,4.475,0.0
2026-01-05,-3.1,-6.925,74.75,5.475,0.6
2026-01-06,0.925,-1.825,78.25,2.175,0.3
2026-01-07,4.375,0.5,83.25,13.775,0.0
2026-01-08,5.625,2.325,73.0,9.35,0.0
2026-01-09,5.75,1.5,66.5,14.35,0.0
2026-01-10,3.025,0.024999999999999994,84.75,6.949999999999999,0.0
2026-01-11,4.699999999999999,0.4,66.0,13.775,0.0
2026-01-12,1.625,-3.675,50.5,15.649999999999999,0.0
2026-01-13,2.975,-1.4,56.75,10.6,0.0
2026-01-14,5.25,1.575,61.75,9.15,0.2
2026-01-15,3.0,-2.225,75.75,20.425,0.2
2026-01-16,-4.225,-11.375,43.0,24.425,0.0
2026-01-17,-0.7,-4.3,81.5,6.675,3.2
2026-01-18,-0.3,-3.05,93.0,2.975,1.4
2026-01-19,-5.725,-11.075,71.25,14.175,0.0
2026-01-20,-10.075,-16.475,59.0,18.725,0.0
2026-01-21,-9.075,-13.675,57.0,6.9,0.0
2026-01-22,2.725,-2.05,64.0,14.95,0.0
2026-01-23,-2.425,-8.525,50.5,18.9,0.0
2026-01-24,-13.25,-19.175,47.25,13.825,0.0
2026-01-25,-13.575,-18.8,80.0,10.55,8.2
2026-01-26,-8.675,-12.85,85.5,5.875,0.5
2026-01-27,-10.675,-16.35,63.25,14.05,0.0
2026-01-28,-9.7,-15.075,62.25,12.025,0.0
2026-01-29,-11.8,-16.875,61.0,9.325,0.0
2026-01-30,-13.3,-19.299999999999997,54.5,15.025,0.0
2026-01-31,-14.225000000000001,-18.225,66.25,1.55,0.0
2026-02-01,-12.6,-18.7,63.25,16.275,0.0
2026-02-02,-8.175,-12.274999999999999,51.0,3.25,0.0
2026-02-03,-9.450000000000001,-13.525,62.5,3.45,0.0
2026-02-04,-4.875,-9.875,61.75,11.475,0.0
2026-02-05,-8.1,-11.799999999999999,65.0,1.975,0.0
2026-02-06,-7.725,-11.725,67.5,3.6999999999999997,0.0
2026-02-07,-13.475,-19.925,58.75,18.225,0.30000000000000004
2026-02-08,-15.925,-21.025000000000002,49.0,8.475,0.0
2026-02-09,-12.675,-16.775,51.5,2.675,0.0
2026-02-10,-4.9,-8.525,53.25,1.375,0.0
2026-02-11,2.625,-2.025,67.75,14.525,0.0
2026-02-12,-1.975,-7.45,66.25,16.625,0.0
2026-02-13,-5.6,-9.1,58.25,1.475,0.0
2026-02-14,-0.050000000000000044,-4.15,68.25,9.425,0.0
2026-02-15,-2.5999999999999996,-6.25,82.0,5.825,0.0
